point,lo_80,hi_80,lo_90,hi_90,lo_95,hi_95
0.09222909,0.027583197,0.15687497,0.009256989,0.17520119,-0.006638266,0.19109647
0.09842151,0.044038236,0.15280476,0.028621338,0.16822168,0.015249483,0.18159355
0.09115776,0.029331557,0.15298393,0.011804692,0.17051083,-0.0033972487,0.18571278
-0.1588249,-0.3561059,0.038456038,-0.4120323,0.09438251,-0.46054012,0.14289038
0.065551125,-0.04046666,0.17156887,-0.07052121,0.20162347,-0.096589066,0.22769135
0.109932266,0.08278708,0.13707745,0.075091794,0.14477274,0.06841729,0.15144725
0.059405766,-0.06546166,0.18427315,-0.10085983,0.21967137,-0.13156244,0.25037402
0.113386326,0.091051824,0.13572082,0.084720306,0.14205234,0.07922866,0.147544
0.10019695,0.051354904,0.14903899,0.037508868,0.16288504,0.0254995,0.17489442
0.05968658,-0.064973265,0.18434638,-0.10031258,0.21968573,-0.13096419,0.2503374
0.1130281,0.09023902,0.13581717,0.083778635,0.14227757,0.07817522,0.147881
0.11574053,0.095457174,0.13602388,0.08970713,0.14177394,0.08471982,0.14676124
0.06396311,-0.037977047,0.16590324,-0.06687566,0.19480187,-0.09194089,0.21986714
0.11074569,0.084682845,0.13680853,0.07729439,0.14419699,0.07088601,0.15060538
0.108500145,0.07826309,0.1387372,0.0696913,0.14730899,0.062256563,0.15474373
0.087171756,0.018968172,0.15537533,-0.00036659092,0.1747101,-0.017136611,0.19148016
0.097707145,0.040929638,0.15448463,0.024834007,0.17058028,0.010873452,0.18454087
0.09740316,0.041529942,0.15327637,0.02569066,0.16911566,0.011952452,0.18285388
0.11395653,0.092151746,0.13576132,0.085970394,0.14194268,0.080608994,0.14730409
0.109041415,0.080412015,0.13767081,0.07229598,0.14578685,0.06525653,0.15282631
0.1085894,0.07917605,0.13800274,0.07083778,0.14634103,0.06360558,0.15357324
0.11223229,0.08839828,0.13606629,0.08164167,0.1428229,0.075781316,0.14868328
0.111382894,0.08637811,0.13638766,0.079289615,0.14347617,0.073141396,0.1496244
0.11211633,0.088125974,0.13610667,0.08132505,0.1429076,0.07542626,0.14880641
-0.2676904,-0.63293034,0.09754947,-0.73647076,0.20108998,-0.82627666,0.29089597
0.09719824,0.038465653,0.15593082,0.021815784,0.17258069,0.00737451,0.187022
0.009077331,-0.16938742,0.18754202,-0.21997969,0.23813434,-0.2638609,0.28201565
0.11259963,0.089080244,0.13611901,0.082412824,0.14278644,0.07662983,0.14856943
0.10403236,0.06546725,0.14259747,0.05453458,0.15353014,0.045052122,0.16301261
0.11249008,0.089000046,0.13598011,0.08234095,0.14263922,0.076565176,0.148415
0.11093315,0.08528405,0.13658224,0.07801288,0.14385341,0.071706235,0.15016006
0.11451038,0.09319051,0.13583024,0.087146625,0.14187413,0.081904456,0.1471163
0.113648824,0.091569655,0.13572799,0.08531052,0.14198713,0.07988165,0.14741601
0.10442134,0.06587812,0.14296454,0.054951653,0.15389103,0.045474578,0.16336812
0.09839507,0.044102654,0.15268748,0.028711513,0.16807863,0.0153619945,0.18142816
0.10257005,0.059425805,0.14571428,0.047195014,0.15794508,0.036586635,0.16855349
0.088415794,0.020612553,0.15621902,0.0013912767,0.17544031,-0.015280306,0.19211191
0.11673819,0.09725638,0.13622001,0.09173356,0.14174283,0.08694333,0.14653306
0.11485147,0.09382445,0.13587847,0.08786359,0.14183936,0.08269343,0.14700952
0.11189585,0.08760505,0.13618664,0.08071895,0.14307275,0.07474628,0.14904544
0.083265744,0.0137238875,0.15280758,-0.0059902593,0.17252174,-0.023089334,0.18962085
0.08909469,0.03074497,0.1474444,0.014203638,0.16398574,-0.00014349818,0.1783329
0.10845282,0.0788579,0.13804772,0.07046815,0.1464375,0.063191295,0.15371436
-0.027371282,-0.25460452,0.19986188,-0.31902197,0.2642794,-0.3748945,0.320152
0.11186155,0.08752364,0.13619944,0.08062418,0.14309892,0.07463993,0.14908317
0.08927249,0.023991384,0.15455359,0.005485095,0.17305988,-0.010566339,0.18911135
0.10980254,0.0824568,0.13714826,0.07470467,0.14490041,0.06798085,0.15162423
0.104194514,0.06481787,0.14357115,0.05365514,0.1547339,0.04397314,0.1644159
0.07268461,-0.00073797256,0.14610717,-0.02155225,0.16692147,-0.039605528,0.18497477
0.111696534,0.08713079,0.13626227,0.08016674,0.14322633,0.07412648,0.1492666
0.0906015,0.026637882,0.1545651,0.008505084,0.1726979,-0.007222399,0.18842542
0.102991246,0.061050963,0.14493152,0.04916148,0.15682101,0.038849123,0.16713339
0.10927638,0.08106752,0.13748522,0.073070705,0.14548205,0.06613466,0.1524181
0.11567884,0.09534484,0.13601284,0.08958043,0.14177725,0.084580675,0.14677702
0.10875522,0.082209826,0.1353006,0.074684575,0.14282587,0.068157546,0.14935291
0.10261633,0.05959915,0.1456335,0.04740438,0.15782829,0.036827236,0.16840544
0.105878316,0.07102542,0.1407312,0.06114512,0.15061152,0.052575428,0.15918122
0.09890034,0.045879085,0.15192159,0.030848294,0.16695239,0.017811336,0.17998937
0.093453966,0.030491821,0.15641609,0.0126429275,0.174265,-0.002838321,0.18974628
0.11002632,0.08221762,0.13783503,0.074334234,0.14571841,0.06749658,0.15255606
0.09898516,0.046187546,0.15178275,0.03122016,0.16675016,0.018238187,0.17973214
0.04773783,-0.087288536,0.18276414,-0.12556663,0.22104228,-0.15876713,0.25424284
0.1109594,0.08534867,0.13657013,0.07808839,0.14383042,0.07179117,0.15012765
0.08977794,0.034284733,0.14527112,0.018553182,0.1610027,0.0049084127,0.17464748
0.11124077,0.08603435,0.13644718,0.078888685,0.14359285,0.07269088,0.14979066
0.09601521,0.037425358,0.15460505,0.020815954,0.17121446,0.0064097717,0.18562067
0.08238938,0.0060933083,0.15868542,-0.015535563,0.18031432,-0.034295373,0.19907415
0.09115099,0.027514137,0.15478784,0.0094739795,0.172828,-0.006173171,0.18847518
0.112840764,0.089810014,0.1358715,0.083281115,0.14240041,0.07761828,0.14806326
0.08930894,0.025345907,0.15327194,0.007213287,0.1714046,-0.008514062,0.18713197
-0.073693134,-0.23343292,0.0860466,-0.2787169,0.13133064,-0.317994,0.1706078
-0.21045831,-0.33231694,-0.088599704,-0.36686218,-0.054054454,-0.396825,-0.024091586
0.099364005,0.048274513,0.15045348,0.033791356,0.16493666,0.021229379,0.17749864
0.096295886,0.036224388,0.15636736,0.019194953,0.17339683,0.0044244677,0.18816733
0.093345694,0.031734783,0.15495658,0.01426895,0.17242244,-0.0008800477,0.18757147
0.1095733,0.08186941,0.13727717,0.07401575,0.14513084,0.067203864,0.15194273
0.09427827,0.032982375,0.15557414,0.015605845,0.17295069,0.0005343035,0.18802226
0.017193845,-0.10905103,0.14343868,-0.14483969,0.17922737,-0.17588101,0.21026874
0.11182644,0.08744019,0.13621269,0.08052703,0.14312586,0.0745309,0.149122
0.10438844,0.06632865,0.14244822,0.055539235,0.15323764,0.046181027,0.16259587
0.05543401,-0.040547483,0.15141548,-0.0677569,0.17862493,-0.091357,0.20222506
0.06645905,-0.03860634,0.1715244,-0.06839091,0.20130903,-0.09422458,0.22714272
0.10686209,0.07400821,0.13971595,0.0646946,0.14902958,0.056616433,0.15710777
0.077348284,-0.005572818,0.16026936,-0.029079795,0.18377636,-0.049468584,0.20416519
0.09085467,0.026227623,0.1554817,0.00790675,0.17380258,-0.007983863,0.18969321
0.11213618,0.08799422,0.13627814,0.08115031,0.14312205,0.07521424,0.14905813
0.11265334,0.08937828,0.13592839,0.08278012,0.14252655,0.07705721,0.14824948
0.10932886,0.08121298,0.13744472,0.07324253,0.14541519,0.066329345,0.15232839
0.10831352,0.07833909,0.13828795,0.069841765,0.14678529,0.0624716,0.15415546
0.067145996,-0.024846047,0.15913801,-0.050924502,0.18521649,-0.073543675,0.2078357
0.102065705,0.05859077,0.14554062,0.04626623,0.15786518,0.035576537,0.16855489
-0.2954747,-0.6172546,0.026305139,-0.70847476,0.11752534,-0.78759456,0.19664529
0.08091482,0.0016589165,0.1601707,-0.020809025,0.18263866,-0.040296607,0.20212626
0.07585793,-0.00084380805,0.15255964,-0.02258768,0.17430353,-0.041447237,0.19316313
0.10004505,0.054183688,0.14590639,0.04118263,0.15890747,0.029906154,0.17018396
0.11261942,0.08929998,0.13593887,0.08268924,0.1425496,0.07695541,0.14828345
0.09886294,0.045834377,0.15189148,0.03080152,0.16692436,0.017762765,0.17996314
0.11185142,0.08749963,0.1362032,0.08059624,0.1431066,0.07460858,0.14909425
0.0930598,0.035491295,0.1506283,0.019171424,0.16694817,0.005016379,0.18110324
0.10741674,0.07569535,0.13913813,0.06670278,0.1481307,0.05890307,0.15593043
0.08583196,0.029067561,0.14259635,0.012975648,0.15868828,-0.0009816885,0.17264563
0.11007493,0.0831484,0.13700145,0.07551511,0.14463475,0.06889436,0.15125552
0.07878228,-0.10275831,0.26032284,-0.15422255,0.3117871,-0.19886005,0.35642472
0.11218857,0.08829578,0.13608135,0.08152251,0.14285463,0.075647704,0.14872944
0.11249172,0.089003615,0.13597982,0.08234507,0.14263837,0.076569766,0.14841367
0.10778584,0.07674978,0.1388219,0.067951486,0.1476202,0.060320284,0.15525141
0.100333236,0.05192129,0.14874516,0.03819718,0.1624693,0.02629356,0.17437293
0.048059292,-0.07499159,0.17111015,-0.10987481,0.20599338,-0.14013079,0.23624942
0.08577102,0.028250832,0.14329118,0.0119446665,0.15959737,-0.0021985024,0.17374057
0.089207046,0.025077239,0.15333682,0.0068973377,0.17151675,-0.008871019,0.18728513
0.11223682,0.08840884,0.1360648,0.08165394,0.1428197,0.07579507,0.14867857
0.116012536,0.09595114,0.13607392,0.09026402,0.14176105,0.08533129,0.1466938
0.11362647,0.09152722,0.1357257,0.085262395,0.14199054,0.07982859,0.14742436
0.07716041,-0.011287533,0.16560832,-0.036361285,0.19068211,-0.058109023,0.21242988
0.09240525,0.028851375,0.15595911,0.010834731,0.17397577,-0.004792005,0.18960254
-0.18796803,-0.45793957,0.08200343,-0.53447276,0.15853669,-0.6008538,0.22491787
0.089158855,0.032301854,0.14601584,0.01618369,0.16213402,0.0022035837,0.17611414
0.110274695,0.08365143,0.13689795,0.076104105,0.14444529,0.069557935,0.15099147
0.10771408,0.07658351,0.13884464,0.06775843,0.14766973,0.060103994,0.15532418
0.08174058,0.0058663413,0.1576148,-0.015642948,0.17912412,-0.034299046,0.19778024
0.11634689,0.096554786,0.13613899,0.09094399,0.14174978,0.08607748,0.14661631
0.116119914,0.096145466,0.13609436,0.09048299,0.14175683,0.08557163,0.1466682
0.07861536,0.0027441084,0.1544866,-0.018764332,0.17599505,-0.0374197,0.19465044
0.09967055,0.049426414,0.14991468,0.0351829,0.1641582,0.022828788,0.17651233
0.059880756,-0.05915554,0.17891702,-0.09290067,0.21266219,-0.12216952,0.24193108
0.11192533,0.08767507,0.13617557,0.080800466,0.1430502,0.07483777,0.1490129
0.11045372,0.084098935,0.13680848,0.07662773,0.1442797,0.07014757,0.15075988
0.11225631,0.08845445,0.13605817,0.08170695,0.14280567,0.0758545,0.14865813
0.112093024,0.08807106,0.13611497,0.08126117,0.14292488,0.07535461,0.14883144
0.11559262,0.09518761,0.13599762,0.08940308,0.14178216,0.08438586,0.1467994
0.11000212,0.08296418,0.13704005,0.07529931,0.14470494,0.06865117,0.15135309
0.10785227,0.07700594,0.13869861,0.06826143,0.14744312,0.060676873,0.15502769
0.115278654,0.094612524,0.13594478,0.08875396,0.14180335,0.08367254,0.14688478
0.087877475,0.020671338,0.1550836,0.001619339,0.17413561,-0.01490543,0.1906604
0.11086025,0.085105255,0.13661525,0.07780407,0.14391643,0.07147138,0.15024912
0.111877196,0.08703022,0.13672416,0.07998645,0.14376794,0.07387704,0.14987737
0.07290157,-0.015914671,0.16171777,-0.041092835,0.18689597,-0.06293113,0.2087343
0.10615506,0.071796715,0.1405134,0.062056597,0.15025352,0.053608503,0.15870163
0.06966012,-0.016252458,0.15557268,-0.040607475,0.1799277,-0.061731823,0.2010521
0.11211785,0.088129595,0.1361061,0.08132926,0.14290644,0.075430974,0.14880472
0.0946795,0.0339925,0.15536648,0.01678858,0.1725704,0.0018667579,0.18749225
0.10229229,0.05837864,0.14620593,0.045929734,0.15865485,0.03513217,0.16945243
0.09988674,0.05027504,0.14949843,0.036210813,0.16356266,0.0240122,0.1757613
0.08365681,0.008677974,0.15863562,-0.012577482,0.17989111,-0.031013407,0.19832706
0.11248999,0.088999614,0.13598035,0.08234043,0.14263956,0.076564565,0.14841542
0.08361038,0.00908988,0.15813085,-0.012035638,0.1792564,-0.030358873,0.19757965
0.11224454,0.088426955,0.13606212,0.08167501,0.14281407,0.075818695,0.14867039
0.0910181,0.02580063,0.15623555,0.007312387,0.17472382,-0.0087234005,0.19075963
0.09464105,0.03474563,0.15453646,0.01776611,0.171516,0.0030389205,0.1862432
0.099778704,0.04997481,0.14958258,0.035856105,0.1637013,0.023610234,0.17594719
0.089252196,0.023078978,0.1554254,0.0043197945,0.17418459,-0.0119509995,0.1904554
0.061030112,-0.05680421,0.1788644,-0.0902086,0.21226883,-0.11918191,0.24124217
0.098285906,0.043236777,0.15333502,0.027631119,0.1689407,0.014095537,0.1824763
0.09398519,0.043109376,0.144861,0.028686792,0.1592836,0.016177356,0.17179304
0.10962378,0.08186713,0.13738044,0.0739985,0.14524907,0.067173645,0.15207392
0.11469468,0.093533516,0.13585582,0.08753462,0.14185473,0.08233148,0.14705789
0.022032699,-0.09563211,0.13969748,-0.12898846,0.17305385,-0.15792009,0.20198552
0.059532724,-0.046356134,0.16542155,-0.07637415,0.1954396,-0.102410294,0.22147578
0.11075517,0.08484663,0.1366637,0.07750192,0.14400841,0.07113148,0.15037885
0.11568352,0.095353484,0.13601354,0.08959021,0.14177683,0.08459142,0.14677562
0.09824871,0.04977162,0.14672579,0.036029045,0.16046838,0.024109408,0.17238803
0.11068704,0.0846784,0.13669567,0.07730532,0.14406876,0.07091026,0.15046382
0.11147871,0.08660883,0.13634859,0.07955856,0.14339885,0.0734435,0.14951393
0.10228311,0.058343932,0.14622228,0.045887787,0.15867844,0.035083942,0.16948229
0.11229416,0.088543184,0.13604513,0.08181012,0.1427782,0.07597018,0.14861815
-0.1340217,-0.404479,0.13643554,-0.48114988,0.21310648,-0.5476504,0.2796071
0.10020622,0.051427484,0.14898494,0.037599392,0.16281304,0.02560559,0.17480686
0.089879565,0.02459412,0.15516499,0.006086603,0.17367253,-0.009965897,0.18972504
0.04071217,-0.06408224,0.14550656,-0.09379,0.17521435,-0.119557045,0.20098141
0.10042664,0.051225938,0.14962733,0.037278228,0.16357505,0.025180668,0.17567262
0.11009603,0.083201796,0.13699025,0.07557766,0.1446144,0.068964854,0.15122722
0.09877377,0.045451928,0.1520956,0.030335933,0.1672116,0.017225057,0.1803225
0.11496886,0.09404172,0.135896,0.088109165,0.14182855,0.08296357,0.14697416
0.11250245,0.08902869,0.13597621,0.0823742,0.1426307,0.07660243,0.14840248
0.110023014,0.08213967,0.13790634,0.074235134,0.1458109,0.06737913,0.15266691
0.11224141,0.08841969,0.13606313,0.08166656,0.14281626,0.07580923,0.1486736
0.11104717,0.085323274,0.13677107,0.0780309,0.14406344,0.07170586,0.15038848
0.06313559,-0.050041072,0.17631221,-0.082125075,0.20839626,-0.10995316,0.23622438
0.10934215,0.08124992,0.13743436,0.073286176,0.14539813,0.0663788,0.15230551
0.106039815,0.07057939,0.14150023,0.06052685,0.15155278,0.051807776,0.16027187
0.09824356,0.043092217,0.15339488,0.02745758,0.16902953,0.013896875,0.18259026
-0.2981403,-0.6293236,0.033042908,-0.7232094,0.12692884,-0.80464137,0.20836091
0.08507814,0.009294234,0.16086203,-0.01218944,0.18234572,-0.030823328,0.20097965
0.10815065,0.078106195,0.1381951,0.06958902,0.14671229,0.06220163,0.15409969
0.11325502,0.0907549,0.13575514,0.084376425,0.14213361,0.078844056,0.14766599
0.093983375,0.036079492,0.15188724,0.019664548,0.16830221,0.00542704,0.18253973
0.112281494,0.08851354,0.13604945,0.08177566,0.14278734,0.07593155,0.14863145
0.10995268,0.082584456,0.13732089,0.07482594,0.14507942,0.0680966,0.15180877
0.04910051,-0.074582875,0.17278385,-0.10964539,0.2078464,-0.14005688,0.23825794
0.09642657,0.0392553,0.15359782,0.023048043,0.1698051,0.008990668,0.18386249
0.076054685,-0.007966831,0.16007617,-0.031785764,0.18389514,-0.05244512,0.20455453
0.116139375,0.09618058,0.13609816,0.09052254,0.1417562,0.08561504,0.14666373
0.06110453,-0.015932024,0.13814107,-0.037770815,0.15997988,-0.056712694,0.17892179
0.08684533,0.014597088,0.15909356,-0.005884275,0.17957494,-0.023648806,0.19733949
0.11275136,0.08960436,0.13589835,0.08304252,0.1424602,0.07735109,0.14815164
0.08749058,0.017597616,0.15738353,-0.0022160634,0.17719722,-0.019401476,0.19438267
0.10888683,0.079977036,0.13779661,0.071781516,0.14599214,0.064673126,0.15310055
0.087303214,0.01769577,0.15691064,-0.0020369738,0.1766434,-0.01915218,0.19375864
0.08168896,0.019668836,0.14370906,0.002086997,0.16129093,-0.013162628,0.17654058
0.061043642,-0.049781084,0.17186832,-0.08119834,0.20328563,-0.108448125,0.23053545
0.11258831,0.08922793,0.13594869,0.082605585,0.14257103,0.076861694,0.14831492
0.08688819,0.018796481,0.15497988,-0.0005065724,0.17428294,-0.017249078,0.19102548
0.0972847,0.04380445,0.15076493,0.028643548,0.16592585,0.015493736,0.17907569
0.11027586,0.0836543,0.1368974,0.076107465,0.14444426,0.069561705,0.15099001
0.103330545,0.06209047,0.1445706,0.050399486,0.15626161,0.0402593,0.1664018
0.115453504,0.09493317,0.13597384,0.08911593,0.14179108,0.084070355,0.14683667
0.11233752,0.08864433,0.1360307,0.08192765,0.1427474,0.07610193,0.14857313
0.07834985,0.0014883503,0.15521133,-0.020300813,0.17700052,-0.03919965,0.19589938
0.11039277,0.08352691,0.13725862,0.075910814,0.14487472,0.06930499,0.15148057
0.111755125,0.08727054,0.13623971,0.08032951,0.14318074,0.0743092,0.14920107
0.011461994,-0.09284484,0.1157688,-0.12241437,0.14533836,-0.14806153,0.17098553
0.10915204,0.080721416,0.13758266,0.07266173,0.14564236,0.06567115,0.15263294
0.10888373,0.079506025,0.13826144,0.071177855,0.1465896,0.063954405,0.15381306
0.11301764,0.090215065,0.13582021,0.08375085,0.14228444,0.07814411,0.14789118
0.11188697,0.08758412,0.13618982,0.0806946,0.14307934,0.074718975,0.14905497
0.08056485,0.0033058971,0.15782377,-0.018595934,0.17972563,-0.037592508,0.19872224
0.11121636,0.085974894,0.13645782,0.07881929,0.14361343,0.072612874,0.14981985
0.09597873,0.0362846,0.15567285,0.019362144,0.17259532,0.0046844482,0.18727303
0.11560752,0.09521471,0.13600034,0.089433625,0.14178142,0.08441941,0.14679565
0.113930784,0.092103295,0.13575827,0.085915506,0.14194606,0.080548525,0.14731306
0.11483412,0.093792334,0.1358759,0.08782729,0.14184096,0.08265349,0.14701477
0.112754665,0.0896122,0.13589713,0.08305164,0.1424577,0.07736133,0.14814802
0.10010644,0.057840258,0.14237261,0.045858387,0.1543545,0.035465904,0.164747
0.08595102,0.028796844,0.14310518,0.012594432,0.15930761,-0.0014587417,0.1733608
0.089828126,0.021851547,0.15780468,0.0025811344,0.17707512,-0.014133066,0.19378933
0.09964498,0.04902442,0.15026553,0.034674197,0.16461577,0.022227526,0.17706245
0.09780683,0.041263953,0.1543497,0.025234833,0.17037883,0.011331968,0.18428172
0.1091521,0.08072139,0.1375828,0.07266169,0.14564252,0.0656711,0.15263312
-0.22374259,-0.5561739,0.10868864,-0.6504136,0.20292838,-0.7321524,0.2846673
0.10430204,0.06544645,0.14315763,0.054431427,0.15417266,0.044877544,0.16372655
0.11173233,0.087216154,0.13624848,0.08026616,0.14319849,0.074238084,0.14922658
0.101625554,0.05605278,0.14719832,0.043133534,0.16011757,0.031928018,0.1713231
0.115274124,0.09460425,0.135944,0.088744625,0.14180362,0.08366228,0.14688598
0.09053468,0.025219299,0.15585004,0.0067033023,0.17436606,-0.009356558,0.19042595
0.052704,-0.0437536,0.14916158,-0.071097985,0.17650598,-0.09481516,0.20022318
0.109271936,0.08105492,0.13748895,0.07305579,0.14548808,0.06611773,0.15242615
0.11240893,0.08881133,0.13600652,0.08212174,0.14269611,0.076319516,0.14849836
0.09675511,0.04052623,0.15298398,0.024586126,0.1689241,0.010760471,0.18274978
0.11430114,0.09279939,0.13580288,0.08670394,0.14189833,0.081417054,0.14718524
0.11332276,0.09090819,0.13573731,0.08455397,0.14209154,0.07904264,0.14760289
0.10186603,0.057954974,0.14577708,0.045506805,0.15822525,0.03470988,0.1690222
0.107829146,0.07724899,0.13840929,0.06857994,0.14707835,0.061060842,0.15459746
0.081952654,0.01907868,0.14482662,0.0012547821,0.16265053,-0.014204778,0.17811011
0.09096613,0.02890208,0.15303016,0.011307783,0.17062446,-0.00395263,0.18588491
0.11115002,0.08581367,0.13648635,0.07863118,0.14366886,0.07240143,0.14989862
0.09536373,0.033181377,0.15754606,0.015553549,0.17517391,0.00026404113,0.19046344
0.11254414,0.08912547,0.13596281,0.0824866,0.14260168,0.076728374,0.14835992
0.085466556,0.029709782,0.14122331,0.013903514,0.1570296,0.00019393861,0.1707392
0.11497118,0.09404597,0.13589638,0.08811396,0.1418284,0.08296883,0.14697355
0.097738974,0.04094476,0.15453318,0.024844393,0.17063355,0.010879725,0.18459824
0.112803064,0.08972341,0.13588272,0.08318064,0.14242549,0.077505775,0.14810036
0.08572387,0.02875936,0.14268836,0.012610719,0.15883702,-0.0013958216,0.17284358
0.11127069,0.08610676,0.13643461,0.07897313,0.14356825,0.07278578,0.1497556
0.067765914,-0.008972682,0.14450449,-0.030726999,0.16625883,-0.049595624,0.18512748
0.085426114,0.014542535,0.15630968,-0.0055519715,0.17640421,-0.022980958,0.1938332
0.100143515,0.051163062,0.14912395,0.037277788,0.16300924,0.025234386,0.17505267
0.11324536,0.09073303,0.13575768,0.08435109,0.14213963,0.07881572,0.14767501
0.108997904,0.08044004,0.13755576,0.07234428,0.14565152,0.06532242,0.1526734
0.09638699,0.039606407,0.15316756,0.023509905,0.16926408,0.00954859,0.18322542
0.11115738,0.08583174,0.13648301,0.07865227,0.14366248,0.07242516,0.14988962
0.11397054,0.092178166,0.13576292,0.08600033,0.14194074,0.080641985,0.14729911
0.11491322,0.09393887,0.13588756,0.08799294,0.1418335,0.082835734,0.14699072
0.1154603,0.09494568,0.13597491,0.08913007,0.14179054,0.0840859,0.14683472
0.08238261,0.005853124,0.15891208,-0.015841924,0.18060714,-0.034659132,0.19942439
0.109608136,0.08149333,0.13772294,0.07352318,0.1456931,0.06661026,0.15260603
0.110869996,0.08512929,0.13661069,0.07783216,0.14390783,0.071503,0.15023701
-0.009614775,-0.21787566,0.19864604,-0.2769147,0.25768515,-0.32812226,0.3088928
0.0748749,-0.008007996,0.15775776,-0.03150414,0.18125394,-0.051883526,0.20163336
0.092020355,0.029121868,0.15491882,0.011291027,0.17274968,-0.0041745678,0.1882153
0.09410202,0.043225028,0.144979,0.028802112,0.15940192,0.016292386,0.17191166
0.10875579,0.079606116,0.13790546,0.07134259,0.14616899,0.06417521,0.15333638
0.11060055,0.08446402,0.13673708,0.07705468,0.14414643,0.07062818,0.15057293
0.11115297,0.08582093,0.136485,0.07863966,0.14366628,0.07241096,0.14989498
0.10824611,0.07782594,0.13866627,0.069202244,0.14728998,0.061722483,0.15476975
0.11135238,0.086304545,0.13640021,0.07920383,0.14350092,0.07304503,0.14965974
0.09452572,0.03508769,0.15396373,0.018237837,0.17081359,0.003623113,0.18542835
0.09604477,0.04162921,0.15046032,0.026203156,0.16588639,0.012823358,0.1792662
0.10814207,0.077578925,0.13870521,0.068914704,0.14736944,0.061399784,0.15488437
0.10910594,0.08032566,0.1378862,0.07216686,0.14604501,0.06509031,0.15312156
0.114155345,0.09252591,0.13578478,0.086394265,0.14191642,0.08107598,0.14723472
0.074633144,-0.012413926,0.16168019,-0.037090555,0.18635684,-0.058493845,0.20776016
0.11440527,0.09299417,0.13581637,0.08692442,0.14188612,0.08165982,0.14715073
0.091834895,0.02534958,0.15832019,0.0065019205,0.17716786,-0.009845607,0.19351542
0.09984993,0.0502991,0.14940074,0.036252134,0.16344774,0.024068482,0.1756314
0.11164486,0.08674508,0.13654462,0.07968635,0.14360335,0.07356395,0.14972576
0.11110609,0.08570684,0.13650534,0.0785065,0.14370568,0.07226129,0.1499509
0.01655989,-0.1610826,0.19420232,-0.21144176,0.24456152,-0.2551208,0.28824067
0.11166053,0.086768225,0.13655284,0.0797116,0.14360946,0.07359104,0.14973004
0.11052664,0.08428043,0.13677286,0.07683999,0.14421329,0.07038653,0.15066677
0.113523565,0.091331705,0.13571543,0.08504062,0.14200652,0.07958405,0.14746308
0.09518837,0.037195455,0.15318127,0.020755276,0.16962147,0.0064958706,0.1838809
0.113185786,0.09059798,0.13577358,0.084194645,0.14217693,0.078640714,0.14773086
0.1125026,0.089029014,0.13597617,0.08237458,0.1426306,0.076602854,0.14840235
0.113510124,0.09115498,0.13586527,0.0848176,0.14220265,0.07932088,0.14769939
0.098088495,0.04256671,0.15361026,0.02682706,0.16934994,0.013175264,0.18300176
0.10229703,0.0592584,0.14533564,0.04705755,0.1575365,0.036475137,0.16811894
0.097572975,0.04015607,0.15498987,0.023879178,0.17126676,0.009761408,0.18538457
0.08035644,-0.0016114116,0.16232428,-0.024848148,0.18556103,-0.045002557,0.20571548
0.11114716,0.0858069,0.13648741,0.078623295,0.14367102,0.07239258,0.14990175
0.092977606,0.03168175,0.15427345,0.014305234,0.17164998,-0.00076629966,0.18672153
0.06365218,-0.047846623,0.17515096,-0.07945498,0.20675933,-0.10687051,0.2341749
0.11237293,0.08872725,0.1360186,0.08202402,0.14272183,0.076209985,0.14853588
0.090758525,0.027644522,0.15387252,0.009752579,0.17176446,-0.0057660043,0.18728307
0.07820871,-0.00095196813,0.15736936,-0.023392908,0.17981032,-0.04285708,0.19927453
0.11226817,0.08848229,0.13605404,0.08173933,0.14279702,0.07589081,0.14864554
0.11217206,0.08825692,0.1360872,0.081477314,0.1428668,0.07559702,0.14874712
0.09796857,0.0420928,0.15384433,0.026252799,0.16968435,0.012513965,0.18342319
0.11296403,0.09009258,0.13583547,0.08360884,0.1423192,0.07798517,0.1479429
0.10923573,0.08095445,0.13751699,0.0729371,0.14553435,0.06598325,0.1524882
0.10803073,0.07754218,0.13851927,0.0688991,0.14716235,0.061402522,0.15465894
0.111212336,0.08596519,0.13645947,0.07880798,0.14361669,0.072600156,0.14982451
0.11419072,0.09259242,0.135789,0.086469606,0.14191183,0.08115897,0.14722247
0.10013779,0.05252932,0.14774625,0.039032985,0.1612426,0.027326927,0.17294867
0.109763615,0.08239783,0.1371294,0.07464002,0.14488721,0.06791127,0.15161598
0.11198958,0.08782709,0.13615207,0.08097735,0.14300181,0.075036235,0.14894293
0.11446761,0.093110725,0.13582449,0.08705635,0.14187887,0.08180508,0.14713016
0.11270147,0.08948934,0.13591358,0.08290903,0.1424939,0.07720159,0.14820135
0.09106066,0.0270124,0.1551089,0.008855611,0.17326571,-0.006892696,0.18901405
0.097126745,0.041796375,0.1524571,0.026110984,0.1681425,0.012506254,0.18174726
0.097298436,0.03886049,0.15573637,0.022294149,0.17230272,0.007925317,0.18667158
0.08054661,-0.0005613491,0.16165455,-0.023554325,0.18464755,-0.043497294,0.20459054
0.10735234,0.075901225,0.13880345,0.06698527,0.14771941,0.059252016,0.15545267
-0.031576373,-0.16174918,0.0985964,-0.19865137,0.13549861,-0.2306585,0.1675058
0.0815629,0.0033931136,0.15973267,-0.018766925,0.18189272,-0.037987456,0.20111328
0.11305862,0.090308726,0.13580851,0.08385944,0.1422578,0.07826565,0.14785159
0.1072393,0.07516,0.13931859,0.06606597,0.14841263,0.058178246,0.15630037
0.08569538,0.017645381,0.15374535,-0.0016458482,0.1730366,-0.018378101,0.18976888
0.11432292,0.092822716,0.13582312,0.08672771,0.14191814,0.0814412,0.14720465
0.113080464,0.09035841,0.13580252,0.08391702,0.1422439,0.07833008,0.14783086
0.111765824,0.0872961,0.13623555,0.08035927,0.14317238,0.07434261,0.14918904
0.07985734,0.006574914,0.15313974,-0.014199629,0.17391431,-0.03221845,0.19193316
0.1121177,0.088129155,0.13610624,0.081328735,0.14290667,0.07543039,0.14880502
0.11497279,0.09404907,0.13589652,0.08811748,0.1418281,0.08297272,0.14697288
0.11597823,0.095889054,0.1360674,0.090194054,0.1417624,0.08525449,0.14670198
0.112430625,0.08886156,0.13599968,0.08218006,0.14268118,0.07638486,0.14847639
0.08229562,0.0042286813,0.16036254,-0.017902203,0.18249345,-0.03709744,0.2016887
0.11313855,0.09049059,0.1357865,0.084070206,0.14220689,0.078501485,0.14777562
0.10256433,0.059404615,0.14572403,0.04716944,0.15795922,0.03655725,0.16857141
0.102784805,0.06080715,0.14476246,0.04890707,0.15666254,0.03858553,0.1669841
0.1084794,0.07881726,0.13814154,0.070408456,0.14655036,0.063115075,0.15384375
0.114541255,0.093247965,0.13583454,0.08721161,0.1418709,0.08197598,0.14710654
0.111170135,0.08586282,0.13647744,0.078688554,0.14365172,0.07246595,0.14987433
0.11221718,0.08836284,0.13607152,0.08160047,0.14283389,0.07573512,0.14869925
0.11425283,0.092708826,0.13579682,0.08660141,0.14190425,0.08130413,0.14720154
0.113392256,0.09106514,0.13571936,0.08473572,0.14204879,0.07924589,0.14753863
0.11197051,0.08780399,0.13613702,0.080953114,0.14298789,0.07501101,0.14893001
0.11247396,0.08896235,0.13598555,0.08229713,0.14265078,0.07651606,0.14843187
0.08815002,0.019512564,0.15678746,5.480647e-05,0.17624523,-0.016821891,0.19312194
0.11445498,0.09308696,0.135823,0.08702942,0.14188053,0.08177541,0.14713454
0.09528824,0.040293716,0.15028274,0.02470354,0.16587293,0.011181384,0.17939511
0.11251425,0.089055955,0.13597253,0.082405865,0.14262263,0.076637894,0.14839062
0.10607394,0.07153877,0.1406091,0.06174853,0.15039934,0.05325696,0.15889093
0.09615999,0.037769116,0.15455084,0.021216124,0.17110385,0.0068588704,0.18546113
0.09167718,0.029384594,0.15396975,0.011725515,0.17162885,-0.003591098,0.18694548
0.08300208,0.020873237,0.1451309,0.0032605827,0.16274358,-0.012015775,0.17801997
0.11536192,0.09476539,0.13595845,0.088926554,0.14179729,0.083862245,0.14686161
0.11335441,0.090979755,0.13572906,0.08463685,0.14207196,0.07913533,0.1475735
0.11332881,0.090921916,0.13573569,0.08456988,0.14208774,0.079060435,0.1475972
0.08177193,0.0027113706,0.16083246,-0.019701198,0.18324506,-0.039140753,0.20268464
0.09918868,0.04696793,0.15140942,0.032164082,0.16621327,0.019323945,0.17905343
0.1300068,-0.018868268,0.27888185,-0.06107226,0.32108587,-0.09767793,0.3576916
0.11045211,0.08409498,0.13680923,0.076623105,0.14428112,0.070142366,0.15076186
0.11154043,0.08675712,0.13632372,0.079731405,0.14334945,0.07363765,0.14944322
0.085609935,0.015069209,0.15615064,-0.004928097,0.17614797,-0.02227278,0.19349268
0.08604064,0.0280439,0.14403737,0.011602633,0.16047865,-0.0026577115,0.174739
0.03953909,-0.11106766,0.19014579,-0.15376258,0.23284075,-0.19079405,0.26987228
0.061976336,-0.054125115,0.17807776,-0.087038256,0.21099094,-0.11558548,0.2395382
0.11543187,0.09489349,0.13597023,0.08907115,0.1417926,0.084021136,0.14684261
0.11067297,0.08463319,0.13671274,0.07725127,0.14409468,0.07084857,0.15049739
0.11224597,0.088430256,0.13606168,0.08167883,0.14281312,0.07582298,0.14866897
0.112341605,0.088654034,0.13602917,0.08193894,0.14274427,0.076114595,0.14856863
0.09815734,0.042912673,0.15340199,0.027251579,0.16906309,0.013667926,0.18264678
0.102497004,0.06633805,0.13865596,0.056087486,0.14890653,0.047196656,0.15779737
0.11143442,0.08650233,0.1363665,0.07943443,0.1434344,0.07330409,0.14956477
0.11225688,0.088455684,0.13605806,0.08170837,0.14280538,0.0758561,0.14865766
0.044272028,-0.053927526,0.14247155,-0.08176573,0.17030978,-0.10591122,0.1944553
0.11259838,0.089250945,0.13594581,0.08263227,0.14256449,0.07689156,0.14830521
0.10723608,0.07434209,0.14013007,0.0650171,0.14945507,0.056929063,0.15754311
0.11164587,0.087009855,0.13628188,0.08002588,0.14326586,0.073968336,0.1493234
0.1145445,0.09325409,0.1358349,0.08721855,0.14187045,0.081983626,0.14710538
0.07450574,-0.021283701,0.17029515,-0.04843867,0.19745015,-0.071991555,0.22100306
0.10904502,0.08042221,0.13766783,0.07230804,0.145782,0.065270215,0.15281984
0.11216881,0.0882493,0.13608831,0.08146846,0.14286916,0.075587094,0.14875054
0.082948886,0.009871267,0.15602648,-0.010845222,0.176743,-0.028813675,0.19471148
0.10707422,0.07464353,0.13950491,0.06544988,0.14869857,0.057475764,0.15667269
0.11064675,0.084591724,0.13670176,0.077205494,0.144088,0.07079904,0.15049447
0.11321943,0.0906743,0.13576455,0.084283076,0.1421558,0.07873964,0.14769924
0.10288071,0.060581315,0.14518009,0.048590027,0.1571714,0.038189374,0.16757205
0.11176296,0.08728919,0.13623673,0.08035122,0.14317471,0.07433356,0.14919236
0.114931755,0.09397308,0.13589042,0.08803158,0.14183193,0.082878225,0.14698529
0.11424991,0.09270355,0.13579626,0.08659545,0.14190435,0.0812976,0.14720222
0.10508805,0.06832461,0.14185148,0.057902686,0.15227342,0.048863225,0.16131288
0.1124438,0.08889215,0.13599545,0.08221558,0.14267202,0.07642466,0.14846295
0.11083799,0.08507766,0.13659832,0.077774964,0.14390102,0.071440965,0.15023503
0.109139495,0.08068636,0.13759263,0.07262029,0.1456587,0.06562418,0.15265483
0.06949066,-0.028891072,0.16787237,-0.056780927,0.19576225,-0.080971204,0.21995255
0.0920453,0.027317122,0.15677346,0.008967586,0.175123,-0.0069478974,0.19103852
0.10742631,0.07548997,0.13936263,0.06643646,0.14841616,0.058583897,0.15626873
0.08580657,0.02297458,0.14863855,0.0051625893,0.16645056,-0.010286652,0.18189982
0.090898864,0.023575716,0.15822199,0.0044905394,0.17730719,-0.012062997,0.19386074
0.11335196,0.09092963,0.1357743,0.08457321,0.14213072,0.07905996,0.14764398
0.10430201,0.0661497,0.14245431,0.05533405,0.15326998,0.04595309,0.16265094
0.07750001,-0.007148348,0.16214834,-0.031144977,0.186145,-0.051958464,0.2069585
0.069926225,-0.03129591,0.17114833,-0.05999098,0.19984344,-0.08487966,0.22473213
0.09427845,0.03513089,0.15342599,0.018363379,0.17019352,0.0038200766,0.18473685
0.11488705,0.093890406,0.13588369,0.087938145,0.14183596,0.08277546,0.14699866
0.10710522,0.07475297,0.13945745,0.06558157,0.14862886,0.05762674,0.15658371
0.11478006,0.09369208,0.13586804,0.08771393,0.1418462,0.082528785,0.14703135
0.08888074,0.031743843,0.14601761,0.015546329,0.16221514,0.0014974102,0.17626409
0.112261884,0.088467576,0.13605618,0.08172222,0.14280155,0.07587163,0.14865214
0.098718934,0.045520723,0.15191713,0.030439772,0.16699809,0.017359301,0.1800786
0.076850496,0.014237456,0.13946351,-0.0035124645,0.15721345,-0.018907867,0.17260888
0.11366858,0.09160721,0.13572995,0.08535312,0.14198405,0.07992862,0.14740855
0.08263206,0.010379814,0.15488428,-0.010102689,0.1753668,-0.027868204,0.19313234
-1.9897044,-2.7681699,-1.2112392,-2.988854,-0.9905549,-3.1802645,-0.79914415
-1.6037655,-2.0463865,-1.1611446,-2.1718633,-1.0356677,-2.2806957,-0.92683506
-2.2299867,-2.9689174,-1.4910562,-3.1783938,-1.2815795,-3.3600833,-1.0998896
-1.5686464,-1.9895755,-1.1477175,-2.108903,-1.0283899,-2.2124019,-0.92489094
-2.7760909,-3.5611973,-1.9909846,-3.7837641,-1.7684176,-3.9768076,-1.5753739
-0.5378522,-0.7173029,-0.35840154,-0.7681747,-0.30752975,-0.8122984,-0.263406
-1.6822815,-2.1449437,-1.2196194,-2.276102,-1.0884609,-2.389862,-0.9747006
-0.83773404,-1.4655092,-0.20995903,-1.6434748,-0.03199333,-1.7978332,0.122365415
-0.23432,-0.57280415,0.10416405,-0.6687597,0.20011969,-0.75198674,0.2833469
-1.2631938,-1.8459429,-0.680445,-2.0111442,-0.51524365,-2.1544313,-0.37195605
-0.84457296,-1.2808589,-0.4082872,-1.4045398,-0.2846061,-1.5118146,-0.17733121
-0.31751803,-0.7330167,0.09798059,-0.8508048,0.21576878,-0.9529685,0.31793252
-0.6096214,-0.80267435,-0.41656852,-0.8574022,-0.36184064,-0.9048704,-0.31437236
-1.0359939,-1.310024,-0.7619639,-1.3877077,-0.68428016,-1.4550867,-0.61690104
-0.26861414,-0.6374771,0.100248724,-0.74204457,0.20481631,-0.83274126,0.29551312
-1.4860035,-1.904566,-1.0674411,-2.0232227,-0.9487844,-2.1261396,-0.84586734
-0.096900426,-0.33830371,0.14450282,-0.4067382,0.21293733,-0.46609488,0.2722941
-4.0217934,-4.8008842,-3.2427025,-5.0217457,-3.0218408,-5.2133102,-2.8302763
-3.554405,-4.1908803,-2.9179296,-4.371312,-2.7374976,-4.52781,-2.5809996
-3.0079355,-3.7806966,-2.2351747,-3.9997637,-2.0161073,-4.1897717,-1.8260992
-2.7395892,-3.4716692,-2.0075095,-3.6792035,-1.7999749,-3.8592086,-1.6199695
-3.0501916,-3.7307587,-2.3696249,-3.9236898,-2.1766934,-4.091029,-2.009354
-3.6202743,-4.40001,-2.8405387,-4.6210546,-2.6194942,-4.8127775,-2.427771
-4.0771537,-4.8386793,-3.3156285,-5.054561,-3.0997462,-5.241806,-2.9125009
-4.082124,-4.791307,-3.3729415,-4.9923506,-3.171898,-5.1667256,-2.9975226
-4.4426575,-4.8016906,-4.0836244,-4.9034715,-3.9818435,-4.991751,-3.8935635
-3.5131457,-4.2143707,-2.8119211,-4.413158,-2.6131334,-4.5855765,-2.4407148
-4.5353417,-4.8925643,-4.178119,-4.993832,-4.0768514,-5.081667,-3.9890165
-3.285866,-4.2054358,-2.3662965,-4.4661207,-2.1056113,-4.6922264,-1.8795054
-4.7230163,-5.1122866,-4.3337464,-5.222639,-4.2233934,-5.3183537,-4.127679
-4.6693535,-5.260221,-4.078486,-5.427724,-3.910983,-5.5730076,-3.7656994
-4.4940157,-4.8802323,-4.107799,-4.9897194,-3.998312,-5.084683,-3.9033482
-4.4105206,-4.847158,-3.9738832,-4.9709387,-3.8501024,-5.0783,-3.742741
-4.4132986,-4.8104095,-4.0161877,-4.9229846,-3.9036124,-5.020627,-3.80597
-4.011968,-4.758048,-3.2658887,-4.969551,-3.0543852,-5.1529984,-2.8709376
-4.093285,-4.757961,-3.4286096,-4.946387,-3.240183,-5.1098185,-3.0767512
-4.047124,-4.8010364,-3.293212,-5.01476,-3.079488,-5.2001333,-2.8941145
-4.6186,-4.9575944,-4.279606,-5.0536942,-4.1835055,-5.137047,-4.100153
-4.529067,-4.8892922,-4.1688423,-4.9914107,-4.0667233,-5.0799837,-3.9781504
-4.633177,-4.973518,-4.292836,-5.0699997,-4.196354,-5.153683,-4.11267
-4.4009514,-4.8273826,-3.9745202,-4.94827,-3.853633,-5.0531216,-3.748781
-4.7181034,-5.2380023,-4.198205,-5.385386,-4.050821,-5.51322,-3.922987
-4.4165754,-4.9915504,-3.8416007,-5.1545477,-3.6786032,-5.2959237,-3.5372272
